年份,第几周,部门,"本周
新开户",本月新开户,"本月新增
有效户",本年新开户,"本年新增
有效户","本周
新增市值","本月
新增市值",本年新增市值,"本周
新开两融户","本月
新开两融户","本年
新开两融户","资产
总量（亿）","两融余额
（万）",本周净佣金收入（万）,本月净佣金收入（万）,本年净佣金收入（万）,本周净佣金收入（万）,本月净佣金收入（万）,本年净佣金收入（万）
2023,7,天津分公司,18,36,12,55,23,184.220008,300.494241,1595.711854,0,0,4,2.51684173,1539.210227,-,-,-,3.157151,7.639329,13.581626
2023,7,事业中心,2,11,10,30,23,428.11521,1377.29527,4304.902023,1,2,3,2.45744316,1436.326663,5.357962,17.374893,38.007282,6.11267,19.281214,43.416977
2023,7,经纪人,11,26,8,27,10,83.48004,122.157215,279.737305,0,0,0,9.29636657,4224.465692,-,-,-,8.094263,18.352915,35.431515
2023,7,财富中心,6,14,9,22,13,82.414781,1147.872701,1326.014645,0,0,0,6.90429671,2722.610751,2.966762,8.491462,17.851076,4.284896,11.161676,21.322531
2023,7,北京方庄,90,113,12,344,21,11.3461,77.834,564.15646,0,0,1,1.8041529,356.977245,-,-,-,1.641162,4.411541,9.724159
2023,8,天津分公司,26,63,16,82,27,93.200726,393.694967,1628.65142,1,1,5,2.53090597,1573.146069,-,-,-,3.387462,11.026791,16.969088
2023,8,事业中心,3,14,15,33,28,1456.321936,2833.617206,5514.422598,0,2,3,2.45117739,2208.364158,7.407203,24.782096,45.414485,8.014895,27.296109,51.431872
2023,8,经纪人,6,32,16,33,18,67.19844,189.355655,309.790655,0,0,0,9.28035263,4263.493508,-,-,-,9.217092,27.570007,44.648607
2023,8,财富中心,10,24,16,32,20,336.633064,1484.505765,1638.346227,1,1,1,6.96638058,2649.839687,5.017275,13.508737,22.868351,5.564258,16.725934,26.886789
2023,8,北京方庄,121,234,14,465,23,107.3225,185.1565,830.54273,0,0,1,1.82329812,353.192985,-,-,-,2.067444,6.478985,11.791603
2023,9,天津分公司,11,11,3,93,30,61.1865,61.1865,1447.642176,0,0,5,2.55828994,1554.082162,-,-,-,1.566667,1.566667,18.535755
2023,9,事业中心,3,3,0,36,28,148.290295,148.290295,4998.359882,0,0,3,2.42673617,2192.75633,3.805639,3.805639,49.220124,4.008566,4.008566,55.440438
2023,9,经纪人,2,2,3,35,21,58.34955,58.34955,339.03869,0,0,0,9.32206291,4296.016133,-,-,-,4.092892,4.092892,48.741499
2023,9,财富中心,2,2,2,34,22,10.8533,10.8533,1563.303524,0,0,1,7.03633024,2791.282197,1.688387,1.688387,24.556738,1.830929,1.830929,28.717718
2023,9,北京方庄,22,22,1,487,24,20.0759,20.0759,665.13943,0,0,1,1.86613332,218.962775,-,-,-,1.077855,1.077855,12.869458
2023,10,天津分公司,23,34,5,116,32,65.9611,127.1476,1498.667974,0,0,5,2.50170076,1784.166045,-,-,-,2.151179,3.717846,20.686934
2023,10,事业中心,1,4,6,37,34,85.779169,234.069464,4084.584943,0,0,3,2.36090655,2118.651827,5.091828,8.809026,52.011034,5.6658,9.585925,58.80532
2023,10,经纪人,0,2,4,35,22,17.60036,75.94991,323.13822,0,0,0,9.12078024,4162.742914,-,-,-,6.730496,10.822871,55.445101
2023,10,财富中心,3,5,4,37,24,26.51622,37.36952,1493.614557,0,0,2,6.88754966,2827.641404,2.50204,4.190427,27.058778,2.733828,4.564757,31.451546
2023,10,北京方庄,216,238,3,703,26,42.0294,62.1053,707.7441,0,0,1,1.8320635,264.718881,-,-,-,1.768324,2.846179,14.637782
2023,11,天津分公司,31,65,7,147,34,246.25807,373.40567,1741.321555,1,1,6,2.5278636,1776.530186,,,,2.627392,6.345238,23.314326
2023,11,事业中心,1,5,6,38,34,63.20449,297.273954,2675.677851,0,0,3,2.24946985,1698.782068,5.128046,13.937072,57.13908,5.860288,15.446213,64.665608
2023,11,经纪人,1,3,4,36,22,12.94803,88.89794,328.87668,0,0,0,9.11444593,4067.918463,,,,8.337123,19.159994,63.782224
2023,11,财富中心,0,6,6,38,26,309.4882,346.85772,1824.524834,2,2,4,6.90348114,2697.41244,2.661554,6.851981,29.720332,3.768187,8.332944,35.219733
2023,11,北京方庄,50,288,6,753,29,20.3383,82.4436,706.87888,0,0,1,1.84506943,295.629,,,,1.75542,4.601599,16.393202
2023,12,天津分公司,13,78,8,160,35,49.715424,423.121094,1689.206309,0,1,6,2.56669714,1832.287963,,,,2.457171,8.802409,25.771497
2023,12,事业中心,2,7,6,40,34,18.00845,315.282404,2318.744619,0,0,3,2.24538891,1782.588168,5.755571,19.692643,62.894651,6.544704,21.990917,71.210312
2023,12,经纪人,7,10,7,43,25,30.66024,119.55818,370.61503,0,0,0,13.21161679,4217.287996,,,,7.49536,26.655354,71.277584
2023,12,财富中心,0,6,7,38,27,56.3265,403.18422,1896.894685,1,3,5,7.0044409,2574.371919,2.980514,9.832495,32.700846,4.862514,13.195458,40.082247
2023,12,北京方庄,82,370,6,835,29,13.3193,95.7629,788.27763,0,0,1,1.87409854,283.461605,,,,1.65204,6.253639,18.045242
2023,13,天津分公司,7,85,9,167,36,39.258486,462.37958,1717.419865,0,1,6,2.55427656,1824.588812,,,,1.897791,10.7002,27.669288
2023,13,事业中心,5,13,7,46,35,16.90758,332.189984,2713.79792,0,1,4,2.37623818,1878.366458,8.083524,27.776167,70.978175,8.916666,30.907583,80.126978
2023,13,经纪人,4,14,9,47,27,11.16325,130.72143,269.46225,0,0,0,9.81443384,3993.682214,,,,8.032153,34.664821,79.227384
2023,13,财富中心,5,11,9,43,29,39.478695,442.662915,1860.136768,1,5,7,7.11557372,2572.489782,3.280882,13.113377,35.981728,4.513367,17.708825,44.595614
2023,13,北京方庄,55,425,7,890,30,20.39802,116.16092,810.59611,0,0,1,1.86851278,278.016813,,,,1.862851,8.11649,19.908093
2023,14,天津分公司,5,5,5,172,41,17.87479,17.87479,1607.914923,0,0,6,2.59651393,1643.623377,-,-,-,1.747664,1.747664,29.416952
2023,14,事业中心,3,3,1,49,36,621.82296,621.82296,3255.78191,0,0,4,2.40943849,1883.279532,5.472326,5.472326,76.450501,6.146521,6.146521,86.273499
2023,14,经纪人,2,2,5,49,32,106.79416,106.79416,373.21806,0,0,0,9.90458812,4306.879032,-,-,-,6.731354,6.731354,85.958738
2023,14,财富中心,4,4,1,47,30,121.995405,121.995405,1911.026068,0,0,7,7.12150669,2404.406703,3.490428,3.490428,39.472156,4.098751,4.098751,48.694365
2023,14,北京方庄,4,4,4,894,34,21.39936,21.39936,235.99397,0,0,1,1.90801194,345.732269,-,-,-,1.942478,1.942478,21.850571
2023,15,天津分公司,3,8,9,175,45,393.2134,411.08819,1942.999789,1,1,7,2.62786507,1663.212831,,,,1.845764,3.593428,31.262716
2023,15,事业中心,8,11,2,57,37,272.56681,894.38977,3379.44117,0,0,4,2.40292547,1686.85621,9.387056,14.859382,85.837557,10.6711,16.817621,96.944599
2023,15,经纪人,3,5,8,52,35,30.11028,136.90444,431.86248,0,0,0,9.84140433,4176.047148,,,,8.776885,15.508239,94.735623
2023,15,财富中心,4,8,6,51,35,173.657825,295.65323,1998.786679,0,0,7,7.11410368,2803.043323,3.280451,6.770879,42.752607,3.798202,7.896953,52.492567
2023,15,北京方庄,1,5,4,895,34,3.6571,25.05646,323.77355,0,0,1,1.93939287,358.927029,,,,2.613422,4.5559,24.463993
2023,16,天津分公司,4,12,10,179,46,136.9977,548.08589,1933.597815,0,1,7,2.57250328,1641.641976,,,,1.842262,5.43569,33.104978
2023,16,事业中心,5,16,7,61,40,222.08845,1113.14922,2365.431261,0,0,4,2.33507602,1375.496957,8.772721,23.611667,94.499371,9.331015,26.1282,106.164707
2023,16,经纪人,11,16,13,63,40,39.5503,176.45474,473.27985,0,0,0,9.69851657,4223.285844,,,,8.209738,23.717977,102.945361
2023,16,财富中心,0,8,7,51,36,288.6111,584.26433,2207.465134,0,0,7,6.92852992,2838.821607,3.127166,9.898045,45.879773,3.789658,11.686611,56.282225
2023,16,北京方庄,5,10,4,901,36,149.511,177.89646,496.02427,0,0,1,2.23534168,388.260716,,,,2.629443,7.294561,27.860185
2023,17,天津分公司,3,15,14,182,50,14.730361,562.816251,1887.604765,0,1,7,2.54022101,1529.081113,,,,2.334622,7.770312,35.4396
2023,17,事业中心,8,24,7,69,40,88.9588,1202.10802,1983.331953,0,0,4,2.29698456,1248.450792,10.581361,34.193028,105.080732,11.119757,37.247957,117.284464
2023,17,经纪人,10,26,16,73,43,58.20431,234.65905,533.308485,1,1,1,9.55811187,4032.676256,,,,7.015354,30.733331,109.960715
2023,17,财富中心,0,8,7,51,36,31.5659,615.83023,2241.450555,0,0,7,6.87410544,2572.986411,2.795641,12.693686,48.675414,3.087328,14.773939,59.369553
2023,17,北京方庄,3,13,6,904,38,110.6865,288.58296,527.56965,0,0,1,2.34641364,396.535074,,,,2.296608,9.591169,30.156793
2023,19,天津分公司,3,3,7,185,57,116.70977,116.70977,1415.061749,0,0,7,2.55858944,1664.851712,,,,2.72639,2.72639,38.16599
2023,19,事业中心,9,9,7,78,47,1028.61419,1028.61419,2021.709212,0,0,4,2.34074385,1220.704048,7.447243,7.447243,112.527975,8.12489,8.12489,125.409354
2023,19,经纪人,6,6,1,79,44,43.08993,43.08993,511.45028,0,0,1,10.58079903,4009.742217,,,,10.166506,10.166506,120.127221
2023,19,财富中心,3,3,3,53,38,265.2573,265.2573,2158.488398,0,0,7,6.75340562,2502.733832,4.687965,4.687965,53.30128,5.13663,5.13663,64.444084
2023,19,北京方庄,29,29,3,933,41,15.307258,15.307258,221.6618,0,0,1,2.27098385,466.736717,,,,3.78582,3.78582,33.942613
2023,20,天津分公司,2,5,8,187,58,140.51704,257.22681,1366.883601,0,0,7,2.56488026,1672.777849,-,-,-,1.741916,4.468306,39.907906
2023,20,事业中心,3,12,12,81,52,98.05247,1126.66666,2368.79167,0,0,4,2.29878536,1276.108394,6.507106,13.954349,119.035081,6.992173,15.117063,132.401527
2023,20,经纪人,0,6,5,79,48,50.07864,93.16857,531.052805,0,0,1,10.32695009,3973.065067,-,-,-,5.467869,15.634375,125.59509
2023,20,财富中心,1,4,4,54,39,40.6713,305.9286,2298.770156,0,0,7,6.80438684,2469.319766,4.559086,9.247051,57.860366,4.725744,9.862374,69.169828
2023,20,北京方庄,10,39,3,943,41,4.341942,19.6492,209.0736,0,0,1,2.28818206,462.672797,-,-,-,2.372602,6.158422,36.315215
2023,21,天津分公司,2,7,8,189,58,35.67396,292.90077,1406.621883,0,0,7,2.51628888,1662.802468,,,,1.688501,6.156807,41.596407
2023,21,事业中心,3,15,13,84,53,258.096511,1384.763171,2566.316007,0,0,4,2.36801453,1334.559991,4.326263,18.280612,123.361344,4.828057,19.94512,137.229584
2023,21,经纪人,2,8,7,81,50,6.15909,99.32766,514.930625,0,0,1,12.93675174,3966.116958,,,,5.317399,20.951774,130.912489
2023,21,财富中心,2,6,5,56,40,58.1473,364.0759,2317.375307,0,0,7,6.74106126,2560.917919,4.216407,13.463458,62.076773,4.413709,14.276083,73.583537
2023,21,北京方庄,6,45,4,949,42,8.7014,28.3506,210.5794,0,0,1,2.26987565,399.67495,,,,2.665569,8.823991,38.980784
2023,22,天津分公司,2,9,11,191,61,58.41783,351.3186,1441.751519,0,0,7,2.51637128,1656.798275,,,,1.00327,7.160077,42.599677
2023,22,事业中心,1,17,15,86,55,194.416739,1579.17991,2723.10182,0,0,4,2.36818628,1240.890977,9.558873,27.839485,132.920217,9.796954,29.742074,147.026538
2023,22,经纪人,1,9,9,82,52,103.09303,202.42069,621.892635,0,0,1,13.0582233,3794.158906,,,,3.110792,24.062566,134.023281
2023,22,财富中心,1,7,6,57,41,12.3943,376.4702,2283.767314,0,0,7,6.73051615,2529.014792,1.787751,15.251209,63.864524,1.982427,16.25851,75.565964
2023,22,北京方庄,10,55,4,959,42,2.3248,30.6754,188.369459,0,0,1,2.26403473,472.504032,,,,0.960693,9.784684,39.941477
2023,23,天津分公司,1,1,0,192,61,66.66432,66.66432,1281.679135,0,0,7,2.49335534,1618.864189,,,,2.465802,2.465802,45.065479
2023,23,事业中心,8,8,2,89,56,371.949097,371.949097,2053.793352,0,0,4,2.3947935,1146.510592,6.685681,6.685681,139.59759,7.296769,7.296769,154.314999
2023,23,经纪人,1,1,1,83,53,34.5962,34.5962,485.03933,0,0,1,12.68859371,4072.060875,,,,9.587082,9.587082,143.610363
2023,23,财富中心,5,5,1,62,42,130.473677,130.473677,2365.774936,0,0,7,6.79435179,3170.755107,3.778532,3.778532,67.643056,4.470943,4.470943,80.036907
2023,23,北京方庄,10,10,1,968,41,12.6801,12.6801,173.5192,0,0,1,2.20301799,467.047846,,,,2.625611,2.625611,41.456737
2023,24,天津分公司,2,3,0,194,61,9.52516,76.18948,1273.363118,0,0,7,2.53171522,1576.550559,-,-,-,1.81462,4.280422,46.880099
2023,24,事业中心,5,13,5,94,59,685.159474,1057.108571,2742.125725,0,0,4,2.46041479,1091.80238,5.800826,12.486507,145.398416,6.753595,14.050364,161.068594
2023,24,经纪人,1,2,3,84,55,38.62596,73.22216,602.83684,0,0,1,12.66082966,4183.937347,-,-,-,7.922971,17.509634,151.530739
2023,24,财富中心,4,9,4,66,45,56.140243,186.61392,2328.90766,0,0,7,6.95753149,3413.326481,3.752206,7.530738,71.395262,4.176549,8.647492,84.213456
2023,24,北京方庄,9,19,3,977,43,6.312425,18.992525,150.44295,0,0,1,2.22384273,432.155718,-,-,-,1.798896,4.424507,43.255633
2023,25,天津分公司,1,4,1,195,62,18.14433,94.33381,1327.160386,0,0,7,2.47431722,1603.942729,-,-,-,1.023903,5.304325,47.904002
2023,25,事业中心,3,16,6,97,60,158.913841,1216.022412,2705.905026,0,0,4,2.38480034,1009.61345,3.587272,16.073779,148.985688,4.074519,18.124883,165.143113
2023,25,经纪人,0,2,3,84,55,67.69109,140.91325,566.93858,0,0,1,13.12211627,4226.803684,-,-,-,4.459562,21.969196,155.990301
2023,25,财富中心,2,11,6,68,47,121.521056,308.134976,2520.969031,0,0,7,6.7426811,3282.925367,2.527052,10.05779,73.922314,2.69196,11.339452,86.905416
2023,25,北京方庄,68,87,3,1045,43,4.4857,23.478225,178.8509,0,0,1,2.19725514,480.424637,-,-,-,1.107671,5.532178,44.363304
2023,26,天津分公司,7,11,4,202,65,32.53108,126.86489,1366.021302,0,0,7,2.53797492,1617.591467,-,-,-,1.659185,6.96351,49.563187
2023,26,事业中心,5,21,8,102,62,7.076056,1223.098468,2271.616825,0,0,4,2.4389543,1046.288023,5.23035,21.304129,154.216038,5.723407,23.84829,170.86652
2023,26,经纪人,2,4,4,86,56,42.36761,183.28086,708.00918,0,0,1,12.70234713,3940.046214,-,-,-,4.966287,26.935483,160.956588
2023,26,财富中心,1,12,6,60,39,45.445803,346.149779,1038.498506,1,1,8,5.09875009,3207.102593,1.950802,10.448759,60.411707,2.256629,11.972189,67.893545
2023,26,北京方庄,73,160,7,1118,47,45.0375,68.515725,195.4445,0,0,1,1.79483662,382.961079,-,-,-,1.787041,7.319219,46.150345
2023,27,天津分公司,6,6,2,208,67,28.15958,28.15958,1160.04721,1,1,8,2.54006801,1600.635,,,,1.742733,1.742733,51.30592
2023,27,事业中心,1,1,0,103,62,14.830398,14.830398,2059.000433,0,0,4,2.45527764,1135.156213,3.832732,3.832732,158.04877,4.251219,4.251219,175.117739
2023,27,经纪人,2,2,1,88,57,35.005197,35.005197,713.50906,0,0,1,11.9233934,3921.452478,,,,7.640403,7.640403,168.596991
2023,27,财富中心,2,2,3,62,42,38.042731,38.042731,908.794483,1,1,8,5.11606096,2835.717905,3.84286,3.84286,64.254567,4.141396,4.141396,72.034941
2023,27,北京方庄,8,8,1,1126,48,4.2706,4.2706,79.3773,0,0,1,1.82069689,455.684652,,,,2.009803,2.009803,48.160148
2023,28,天津分公司,4,10,5,212,70,125.0347,153.19428,1214.01307,0,1,8,2.54661162,1537.68225,-,-,-,1.808394,3.551127,53.114314
2023,28,事业中心,2,3,2,105,64,245.26376,260.094158,2303.069852,1,1,5,2.47996913,1005.651841,3.002292,6.835024,161.051062,3.314658,7.565877,178.432397
2023,28,经纪人,1,3,3,93,60,36.204963,72.84516,755.00564,1,1,2,12.51546831,4152.970256,-,-,-,7.028173,14.705674,176.012836
2023,28,财富中心,1,3,3,63,42,43.512024,81.554755,928.555046,0,1,8,5.08226849,2092.417465,1.780351,5.623211,66.034918,2.431212,6.572608,74.466153
2023,28,北京方庄,16,24,3,1142,50,18.9862,23.2568,135.0486,0,0,1,1.8271224,429.532731,-,-,-,2.127461,4.137264,50.287609
2023,29,天津分公司,6,16,10,218,75,105.146457,258.340737,1234.679037,0,1,8,2.51210563,1627.056536,-,-,-,1.633361,5.184488,54.747675
2023,29,事业中心,3,6,2,108,64,175.139816,435.233974,2186.33699,0,1,5,2.45093242,1156.587144,3.204546,10.03957,164.255608,3.510281,11.076158,181.942678
2023,29,经纪人,0,3,3,92,60,18.44481,91.28997,605.11724,0,1,2,12.72784146,4111.274142,-,-,-,5.811125,20.516799,181.823961
2023,29,财富中心,0,3,6,63,45,8.6406,90.195355,857.617514,0,1,8,4.9009012,2105.818616,1.486326,7.109537,67.521244,1.844684,8.417292,76.310837
2023,29,北京方庄,5,29,4,1147,51,7.3274,30.5842,84.2657,0,0,1,1.79218549,470.017245,-,-,-,1.688384,5.825648,51.975993
2023,30,天津分公司,10,26,18,228,83,243.073051,501.413788,1419.573128,0,1,8,2.61466806,1634.632512,-,-,-,2.539157,7.723645,57.286832
2023,30,事业中心,1,7,2,109,64,351.356032,786.590006,2428.330656,0,1,5,2.55839638,1120.356249,7.059819,17.099389,171.315427,7.549151,18.625309,189.491829
2023,30,经纪人,5,8,5,97,62,20.86408,112.15405,650.064016,0,1,2,12.47666813,4064.733364,-,-,-,8.224224,28.741023,190.048185
2023,30,财富中心,5,8,8,68,47,157.263544,247.458899,951.411106,0,1,8,5.04815002,2293.416707,2.340224,9.449761,69.861468,2.611373,11.028665,78.92221
2023,30,北京方庄,8,37,7,1155,54,17.2589,47.8431,84.0878,0,0,1,1.82449679,449.617133,-,-,-,2.039365,7.865013,54.015358
2023,32,天津分公司,7,21,7,249,90,43.2206,289.870313,1270.907313,0,0,8,2.57324851,1722.815476,-,-,-,1.845979,3.718615,61.005447
2023,32,事业中心,4,10,7,110,67,603.77268,842.684104,2089.906071,0,0,6,2.63498628,1114.163013,8.189306,15.600482,189.677489,9.959669,17.583775,209.851286
2023,32,经纪人,1,5,6,114,76,81.219174,290.408034,633.563005,0,0,1,12.7031397,4115.129392,-,-,-,8.477905,15.522131,206.888255
2023,32,财富中心,4,8,3,96,57,21.06021,179.444808,1020.765324,1,1,9,4.98997512,2420.337346,2.066708,3.70902,73.757966,2.357651,4.274379,83.384067
2023,32,北京方庄,3,5,0,1159,53,0.1276,5.6681,77.8753,0,0,1,1.79691009,461.406759,-,-,-,1.532152,2.77287,56.774698
2023,33,天津分公司,6,27,11,255,94,80.376294,370.246607,1401.770259,1,1,9,2.55361196,1767.989904,-,-,-,1.744355,5.46297,62.749802
2023,33,事业中心,10,20,10,105,61,975.648391,1816.213991,3422.695755,0,0,6,2.67006136,627.766447,4.926957,20.273216,186.457366,5.196728,22.52628,206.72212
2023,33,经纪人,3,9,8,118,78,26.45786,531.079304,645.28863,1,1,2,12.43033135,4089.791323,-,-,-,7.388674,22.910805,214.276929
2023,33,财富中心,4,12,4,90,50,65.508781,244.807589,1060.676699,1,2,10,4.88689634,2411.868849,4.20092,7.801759,75.586174,4.38688,8.548819,85.341352
2023,33,北京方庄,16,21,2,1190,65,57.704889,65.491493,234.420791,0,0,1,1.80291559,488.216972,-,-,-,1.78945,5.042595,73.037844
2023,34,天津分公司,8,35,13,263,96,113.5655,483.812107,1286.253072,0,1,9,2.5105839,1678.727128,-,-,-,1.430148,6.893118,64.17995
2023,34,事业中心,8,25,14,102,64,1507.587886,3281.623277,4951.864748,0,0,6,2.76644742,605.796829,10.703719,30.945181,197.126204,11.08698,33.581506,217.774219
2023,34,经纪人,3,12,11,121,81,6.0859,537.165204,790.532418,0,1,2,12.31627974,3890.505093,-,-,-,8.261451,31.172256,222.53838
2023,34,财富中心,2,14,6,92,52,15.448355,260.255944,1031.371063,1,3,11,4.71506187,2415.924745,3.969805,11.771564,79.555979,4.375217,12.924036,89.716569
2023,34,北京方庄,8,29,3,1198,66,54.6446,120.136093,252.603158,0,0,1,1.7580302,481.292677,-,-,-,2.227104,7.269699,75.264948
2023,35,天津分公司,3,38,14,266,97,39.414708,523.226815,1370.981596,0,1,9,2.56994855,1656.666577,-,-,-,1.835638,8.728756,66.015588
2023,35,事业中心,3,28,18,105,68,941.70094,4223.324217,6876.492884,0,0,6,2.9288573,478.312396,8.506878,39.452059,205.633082,8.798968,42.380474,226.573187
2023,35,经纪人,5,17,14,126,84,535.98784,1073.153044,1381.593215,0,1,2,6.9074941,2767.966501,-,-,-,6.234191,33.207649,194.832603
2023,35,财富中心,5,19,6,97,52,5.866996,266.12294,1094.730959,0,3,11,4.8050216,2720.14238,1.540897,13.312461,81.096876,1.81702,14.741056,91.533589
2023,35,北京方庄,10,39,5,1208,68,175.43452,295.570613,426.002956,0,0,1,1.80566717,346.112348,-,-,-,1.830206,9.099905,77.095154
2023,36,天津分公司,5,5,4,271,101,55.114518,55.114518,1284.960463,0,0,9,2.52104817,1545.369696,-,-,-,2.424604,2.424604,68.440192
2023,36,事业中心,4,4,1,109,69,1521.16159,1521.16159,6377.859814,1,1,7,3.08003231,495.367944,10.444314,10.444314,216.077396,10.790083,10.790083,237.36327
2023,36,经纪人,2,2,1,128,85,515.13,515.13,1343.13514,0,0,2,6.20360176,2999.748669,-,-,-,8.886396,8.886396,203.718999
2023,36,财富中心,0,0,1,97,53,5.639018,5.639018,926.139733,0,0,11,4.77721371,2720.045344,3.652616,3.652616,84.749492,3.912273,3.912273,95.445862
2023,36,北京方庄,13,13,7,1221,75,43.014906,43.014906,428.852669,0,0,1,1.83199195,384.292913,-,-,-,2.138488,2.138488,79.233642
2023,37,天津分公司,4,9,6,275,103,67.0456,122.160118,1265.772174,0,0,9,2.51071065,1616.613038,-,-,-,1.85369,4.278294,70.293882
2023,37,事业中心,0,4,2,108,70,406.410558,1927.572148,6883.950333,0,1,7,2.9990761,441.743396,8.935231,19.379545,225.012627,9.387603,20.177686,246.750873
2023,37,经纪人,2,4,1,131,85,15.46389,530.59389,1471.87428,0,0,2,5.80853543,3161.117195,-,-,-,6.28047,15.166866,209.999469
2023,37,财富中心,1,1,1,98,53,6.838472,12.47749,916.034269,0,0,11,4.78735847,2678.579938,1.737257,5.389873,86.486749,1.947107,5.85938,97.392969
2023,37,北京方庄,14,27,8,1235,76,725.851554,768.86646,1132.73309,2,2,3,1.91214368,431.051922,-,-,-,1.686932,3.82542,80.920574
2023,38,天津分公司,8,17,8,283,105,19.9766,142.136718,1230.094252,1,1,10,2.51535229,1681.592863,-,-,-,1.785425,6.063719,72.079307
2023,38,事业中心,2,6,4,110,72,225.739434,2153.311582,7255.231013,1,2,8,3.0159741,490.778559,1.566673,20.946218,226.5793,1.9375,22.115186,248.688373
2023,38,经纪人,0,4,1,131,85,3.82349,534.41738,1392.39403,0,0,2,5.80602893,3031.03518,-,-,-,4.078343,19.245209,214.077812
2023,38,财富中心,1,2,2,99,54,0.2812,12.75869,925.111747,0,0,11,4.751382,2641.84249,1.924821,7.314694,88.41157,2.138168,7.997548,99.531137
2023,38,北京方庄,12,39,9,1247,77,139.907301,908.773761,1289.42837,0,2,3,1.94851666,755.327124,-,-,-,1.576398,5.401818,82.496972
2023,39,天津分公司,12,29,10,295,107,48.47037,190.607088,1484.624672,0,1,10,2.56832981,1687.634817,-,-,-,1.385433,7.449152,73.46474
2023,39,事业中心,2,8,5,112,73,54.514939,2207.826521,7363.336296,1,3,9,3.01100898,462.879869,1.607206,22.553424,228.186506,2.236374,24.35156,250.924747
2023,39,陕西分公司,6,17,5,237,30,66.349632,218.783205,729.398334,0,0,5,2.28176688,12.754873,-,-,-,0.261896,1.566685,19.524838
2023,39,经纪人,2,6,1,133,85,0.6194,535.03678,1366.622032,0,0,2,5.84680426,2795.213847,-,-,-,2.974196,22.219405,217.052008
2023,39,财富中心,0,1,3,75,46,3.3376,15.5517,856.665039,0,0,10,4.73462344,2514.97663,1.60171,8.822344,89.611423,1.806868,9.710356,100.936148
2023,39,北京方庄,27,66,14,1274,82,71.648728,980.422489,1267.561144,0,2,3,1.98093703,873.942203,-,-,-,2.008787,7.410605,84.505759
2023,41,天津分公司,16,16,6,311,113,160.4233,160.4233,1062.758674,0,0,10,2.61839471,1642.021107,-,-,-,2.183385,2.183385,75.648125
2023,41,事业中心,3,3,2,116,75,33.927249,33.927249,5154.988537,0,0,9,2.88580606,850.580769,9.106284,9.106284,237.29279,10.471869,10.471869,261.396616
2023,41,陕西分公司,4,4,0,241,30,51.6897,51.6897,383.703744,0,0,5,2.25778034,12.754873,-,-,-,0.531573,0.531573,20.056411
2023,41,经纪人,0,0,0,134,85,1.9569,1.9569,1164.9173,0,0,2,5.63644315,2868.801432,-,-,-,4.777981,4.777981,221.829989
2023,41,财富中心,0,0,0,75,46,0.9709,0.9709,601.84977,0,0,10,4.76162863,2755.230723,1.542618,1.542618,91.154041,1.845233,1.845233,102.781381
2023,41,北京方庄,7,7,2,1281,84,184.418153,184.418153,1227.136388,1,1,4,1.9888466,1048.541025,-,-,-,2.178462,2.178462,86.684221
2023,42,天津分公司,28,44,22,339,129,2077.632005,2238.055305,3037.504816,0,0,10,2.72331958,1519.695714,-,-,-,1.849171,4.032556,77.497296
2023,42,事业中心,3,6,4,119,77,146.645288,180.572537,4419.902052,0,0,9,2.66530747,1035.93762,13.123563,22.229847,250.416353,14.519486,24.991355,275.916102
2023,42,陕西分公司,11,15,1,252,31,97.98919,149.67889,422.867992,0,0,5,2.1015221,12.754873,-,-,-,0.351077,0.88265,20.407488
2023,42,经纪人,1,1,0,135,85,4.8888,6.8457,1133.09076,0,0,2,4.56225112,2825.987364,-,-,-,4.211096,8.878734,217.22449
2023,42,财富中心,0,0,0,75,46,0,0.9709,575.744014,1,1,11,4.57044916,2703.079139,1.820442,3.36306,92.974483,1.990842,3.836075,104.772223
2023,42,北京方庄,8,15,4,1289,86,861.740467,1046.15862,2091.484193,0,1,4,2.05940993,1735.463638,-,-,-,1.638851,3.817313,88.323072
2023,43,天津分公司,17,61,36,356,143,1016.144986,3254.200291,4112.838375,0,0,10,2.91884246,1530.910756,,,,2.958093,6.990649,80.455389
2023,43,事业中心,6,12,5,125,78,267.654845,448.227382,5835.623461,1,1,10,2.67151172,657.250566,12.366923,34.59677,262.783276,13.626124,38.617479,289.542226
2023,43,陕西分公司,4,19,2,256,32,49.80895,199.48784,506.136214,1,1,6,2.18208354,80.009599,,,,0.599468,1.482118,21.006956
2023,43,经纪人,3,4,1,138,86,20.282,27.1277,1375.55907,0,0,2,4.5706074,2679.039793,,,,6.283865,15.162599,223.508355
2023,43,财富中心,1,1,2,76,48,8.4114,9.3823,605.668484,4,5,15,4.80036672,3023.453299,3.250311,6.613371,96.224794,3.729027,7.565102,108.50125
2023,43,北京方庄,19,34,9,1308,91,284.888988,1331.047608,2157.563182,0,1,4,2.13984875,1953.591265,,,,3.922536,7.739849,92.245608
2023,44,天津分公司,7,7,5,363,148,199.556922,199.556922,4091.191687,0,0,10,2.94062817,1536.811801,-,-,-,1.141466,1.141466,81.596855
2023,44,事业中心,3,3,4,128,82,37.412578,37.412578,5098.914985,0,0,10,2.67403942,691.669148,2.081125,2.081125,264.864401,2.773944,2.773944,292.31617
2023,44,陕西分公司,0,0,0,256,32,0.11771,0.11771,483.147198,0,0,6,2.20397621,70.484325,-,-,-,0.121782,0.121782,21.128738
2023,44,经纪人,0,0,1,138,87,3.1537,3.1537,1310.18229,0,0,2,4.56776874,2581.63203,-,-,-,1.796444,1.796444,225.304799
2023,44,财富中心,2,2,1,78,49,3.1877,3.1877,599.89165,0,0,15,4.77290748,3110.826522,1.840603,1.840603,98.065397,1.998033,1.998033,110.499283
2023,44,北京方庄,4,4,2,1312,93,54.950347,54.950347,2429.670099,0,0,4,2.09688857,1742.463041,-,-,-,1.469755,1.469755,93.715363
